{
    "UnitDetails": [
        {
            "Name": "french_hussar_96dba96e",
            "Attack": 4,
            "HitPoints": 4,
            "Rank": 0,
            "QueuePosition": -1,
            "IsSkirmisher": false
        },
        {
            "Name": "french_cuirassier_4aad8633",
            "Attack": 6,
            "HitPoints": 6,
            "Rank": 0,
            "QueuePosition": -2,
            "IsSkirmisher": false
        },
        {
            "Name": "french_heavyartillery_9cffe06d",
            "Attack": 1,
            "HitPoints": 2,
            "Rank": 0,
            "QueuePosition": -3,
            "IsSkirmisher": false
        }
    ]
}